Name,"Address (format: ""10 Jackson Rd, Orlando, FL, 84312"")",,Phone number,Website,Google Maps link (clickable link to access Maps page),Worker
Primary Care Centers,,,,,,
CareNow Urgent Care - Irving,2675 N Belt Line Rd,"2675 N Belt Line Rd, Irving, TX, 75062",(469) 299-5445,https://www.carenow.com/locations/dallas-fort-worth/irving?utm__campaign=corp_listings_mgmt&utm_source=google&utm_medium=business_listing,https://www.google.com/maps/place/CareNow+Urgent+Care+-+Irving/data=!4m7!3m6!1s0x864e8353eb809e65:0x8b6cdfce9755c5bc!8m2!3d32.843021!4d-96.9928481!16s%2Fg%2F11p9vy0jjp!19sChIJZZ6A61ODToYRvMVVl87fbIs?authuser=0&hl=en&rclk=1,Farooq
MD Family Clinic,1111 S Irving Heights Dr,"1111 S Irving Heights Dr, Irving, TX, 75060",(972) 579-7979,https://mdmedicalgroup.us/location/irving-heights/,https://www.google.com/maps/place/MD+Family+Clinic/data=!4m7!3m6!1s0x864e83542404ce6d:0xf17059b2fba9bb70!8m2!3d32.8014677!4d-96.9259865!16s%2Fg%2F1tdg_q1p!19sChIJbc4EJFSDToYRcLup-7JZcPE?authuser=0&hl=en&rclk=1,
Texas Health Family Care,·,,(972) 443-5300,https://www.care.texashealth.org/thpg/family-care-6500-sierra-drive-suite-150-irving,https://www.google.com/maps/place/Texas+Health+Family+Care/data=!4m7!3m6!1s0x864c28329b099bfb:0x8eb5fcbbe1682787!8m2!3d32.8969686!4d-96.9620024!16s%2Fg%2F1tdky20s!19sChIJ-5sJmzIoTIYRhydo4bv8tY4?authuser=0&hl=en&rclk=1,
Academic Medical Associates,"Medical Office Building II, 2021 N MacArthur Blvd Ste 435","2021 N MacArthur Blvd Suite 435, Irving, TX, 75061",(972) 445-9515,https://www.amatxmed.com/,https://www.google.com/maps/place/Academic+Medical+Associates/data=!4m7!3m6!1s0x864e837cbbf12259:0x5bbc06cb67c55676!8m2!3d32.8349478!4d-96.9620163!16s%2Fg%2F11h_wr3gy3!19sChIJWSLxu3yDToYRdlbFZ8sGvFs?authuser=0&hl=en&rclk=1,
"Srilatha Reddy, MD, PA",3600 Conflans Rd #100,"3600 Conflans Rd #100, Irving, TX, 75061",(972) 870-0788,http://www.drreddyfamilydoctors.com/,"https://www.google.com/maps/place/Srilatha+Reddy,+MD,+PA/data=!4m7!3m6!1s0x864e83c35ecdb4d9:0xbb98c01a12e26f04!8m2!3d32.8214797!4d-96.9950485!16s%2Fg%2F11hch_h81c!19sChIJ2bTNXsODToYRBG_iEhrAmLs?authuser=0&hl=en&rclk=1",
Medical City Las Colinas,6800 N MacArthur Blvd,"6800 N MacArthur Blvd, Irving, TX, 75039",(972) 969-2000,https://www.medicalcityhealthcare.com/locations/medical-city-las-colinas-hospital?utm__campaign=corp_listings_mgmt&utm_source=google&utm_medium=business_listing,https://www.google.com/maps/place/Medical+City+Las+Colinas/data=!4m7!3m6!1s0x864c2836cad636a9:0xb76cc9f886ad54ef!8m2!3d32.9022165!4d-96.9572148!16s%2Fm%2F04g3c9t!19sChIJqTbWyjYoTIYR71SthvjJbLc?authuser=0&hl=en&rclk=1,
Medical City Las Colinas,6800 N MacArthur Blvd,"6800 N MacArthur Blvd, Irving, TX, 75039",(972) 969-2000,https://www.medicalcityhealthcare.com/locations/medical-city-las-colinas-hospital?utm__campaign=corp_listings_mgmt&utm_source=google&utm_medium=business_listing,https://www.google.com/maps/place/Medical+City+Las+Colinas/data=!4m7!3m6!1s0x864c2836cad636a9:0xb76cc9f886ad54ef!8m2!3d32.9022165!4d-96.9572148!16s%2Fm%2F04g3c9t!19sChIJqTbWyjYoTIYR71SthvjJbLc?authuser=0&hl=en&rclk=1,
Oak Street Health Irving Primary Care Clinic,2928 N Belt Line Rd,"2928 N Belt Line Rd, Irving, TX, 75062",(214) 617-2218,https://www.oakstreethealth.com/locations/irving-tx/irving-doctors-office?utm_source=listings&utm_vpf=yext,https://www.google.com/maps/place/Oak+Street+Health+Irving+Primary+Care+Clinic/data=!4m7!3m6!1s0x864e83b358591fa3:0x4df96c18ec70f27b!8m2!3d32.8464361!4d-96.9912371!16s%2Fg%2F11q8s7zlvj!19sChIJox9ZWLODToYRe_Jw7Bhs-U0?authuser=0&hl=en&rclk=1,
Baylor Scott & White Medical Center - Irving,1901 N MacArthur Blvd,"1901 N MacArthur Blvd, Irving, TX, 75061",(972) 990-8100,https://www.bswhealth.com/locations/irving-hospital,https://www.google.com/maps/place/Baylor+Scott+%26+White+Medical+Center+-+Irving/data=!4m7!3m6!1s0x864e8301297838c7:0x8c6d0e41c3617fc7!8m2!3d32.834711!4d-96.960209!16s%2Fg%2F1tf9tb9w!19sChIJxzh4KQGDToYRx39hw0EObYw?authuser=0&hl=en&rclk=1,
Irving Coppell Primary Care and Pediatrics,3365 Regent Blvd #110,"3365 Regent Blvd #110, Irving, TX, 75063",(469) 713-3838,http://www.irvingcoppellprimarycare.com/,https://www.google.com/maps/place/Irving+Coppell+Primary+Care+and+Pediatrics/data=!4m7!3m6!1s0x864c2999638af67f:0xd65e51814525855b!8m2!3d32.9209116!4d-96.9916011!16s%2Fg%2F11dztr52ch!19sChIJf_aKY5kpTIYRW4UlRYFRXtY?authuser=0&hl=en&rclk=1,
Centrum Health,2450 N Belt Line Rd #110,"2450 N Belt Line Rd #110, Irving, TX, 75062",(214) 206-4706,https://www.centrumhealth.com/,https://www.google.com/maps/place/Centrum+Health/data=!4m7!3m6!1s0x864e835fda804217:0x7ea040520605f155!8m2!3d32.840576!4d-96.992863!16s%2Fg%2F11pz7yzxfm!19sChIJF0KA2l-DToYRVfEFBlJAoH4?authuser=0&hl=en&rclk=1,
"Dr. Robert M. Haman, DO",1239 E Irving Blvd,"1239 E Irving Blvd, Irving, TX, 75060",(972) 579-8011,https://www.bswhealth.com/physician/robert-haman,"https://www.google.com/maps/place/Dr.+Robert+M.+Haman,+DO/data=!4m7!3m6!1s0x864e834f9258484b:0x8095b57a27014465!8m2!3d32.8100258!4d-96.930812!16s%2Fg%2F1v6p4p_b!19sChIJS0hYkk-DToYRZUQBJ3q1lYA?authuser=0&hl=en&rclk=1",
CareNow Urgent Care - Las Colinas - MacArthur,7400 N MacArthur Blvd,"7400 N MacArthur Blvd, Irving, TX, 75063",(469) 804-9295,https://www.carenow.com/locations/dallas-fort-worth/macarthur-blvd?utm__campaign=corp_listings_mgmt&utm_source=google&utm_medium=business_listing,https://www.google.com/maps/place/CareNow+Urgent+Care+-+Las+Colinas+-+MacArthur/data=!4m7!3m6!1s0x864c283606c8951b:0x847832ff5a49df83!8m2!3d32.9075239!4d-96.9582825!16s%2Fg%2F11bttrnvrv!19sChIJG5XIBjYoTIYRg99JWv8yeIQ?authuser=0&hl=en&rclk=1,
Integra Urgent Care - Las Colinas,7447 N MacArthur Blvd Suite 190,"7447 N MacArthur Blvd Suite 190, Irving, TX, 75063",(972) 861-5200,https://integrauc.com/locations/lascolinas/?utm_source=gbp&utm_medium=organic&utm_campaign=lascolinas,https://www.google.com/maps/place/Integra+Urgent+Care+-+Las+Colinas/data=!4m7!3m6!1s0x864c284a799792a7:0x32d0dabd270ef5fc!8m2!3d32.9081481!4d-96.9606747!16s%2Fg%2F1tfhgtl6!19sChIJp5KXeUooTIYR_PUOJ73a0DI?authuser=0&hl=en&rclk=1,
"Cure With Care Pediatric: Kshitij Bhalani, MD",1107 S MacArthur Blvd,"1107 S MacArthur Blvd, Irving, TX, 75060",(972) 752-7127,https://www.curewithcarepediatric.com/,"https://www.google.com/maps/place/Cure+With+Care+Pediatric:+Kshitij+Bhalani,+MD/data=!4m7!3m6!1s0x864e83d880764933:0x4ff1353442db49c7!8m2!3d32.8024176!4d-96.9594571!16s%2Fg%2F11td12txpv!19sChIJM0l2gNiDToYRx0nbQjQ18U8?authuser=0&hl=en&rclk=1",
Macarthur Medical Center,3501 N MacArthur Blvd STE 500,"3501 N MacArthur Blvd Suite 500, Irving, TX, 75062",(972) 256-3700,http://macarthurmc.com/,https://www.google.com/maps/place/Macarthur+Medical+Center/data=!4m7!3m6!1s0x864e83980c66e393:0xc439773d576e9a91!8m2!3d32.8524699!4d-96.9591932!16s%2Fg%2F11h807d3nl!19sChIJk-NmDJiDToYRkZpuVz13OcQ?authuser=0&hl=en&rclk=1,
Baylor Scott & White Urgent Care - Irving,2021 N MacArthur Blvd # 115,"2021 N MacArthur Blvd #115, Irving, TX, 75061",(972) 817-1440,https://www.bswhealth.com/locations/urgent-care-irving?utm_source=google-mybusiness&utm_medium=organic&utm_campaign=29985-9717328&utm_content=main-website,https://www.google.com/maps/place/Baylor+Scott+%26+White+Urgent+Care+-+Irving/data=!4m7!3m6!1s0x864e83a61aed311d:0x2e13b6977171bd5f!8m2!3d32.8349908!4d-96.962049!16s%2Fg%2F11j6xjn8hs!19sChIJHTHtGqaDToYRX71xcZe2Ey4?authuser=0&hl=en&rclk=1,
DFW Family Clinic - Irving,3501 N MacArthur Blvd STE 330,"3501 N MacArthur Blvd Suite 330, Irving, TX, 75062",(972) 887-3376,https://dfwfamilyclinic.com/?utm_campaign=gmb,https://www.google.com/maps/place/DFW+Family+Clinic+-+Irving/data=!4m7!3m6!1s0x864e83b2d3e97c0f:0x6676a211a917e721!8m2!3d32.8525721!4d-96.9599366!16s%2Fg%2F11np3pw74h!19sChIJD3zp07KDToYRIecXqRGidmY?authuser=0&hl=en&rclk=1,
EcCare Health Centers Irving - THIS OFFICE IS CLOSED PERMANENTLY,2233 E Grauwyler Rd #110,"2233 E Grauwyler Rd #110, Irving, TX, 75061",(972) 659-1234,http://www.eccare.com/,https://www.google.com/maps/place/EcCare+Health+Centers+Irving+-+THIS+OFFICE+IS+CLOSED+PERMANENTLY/data=!4m7!3m6!1s0x864e83ace36eac3d:0xf9a8c30f860e2cf8!8m2!3d32.8310725!4d-96.9119522!16s%2Fg%2F1hc682cz3!19sChIJPaxu46yDToYR-CwOhg_DqPk?authuser=0&hl=en&rclk=1,
Baylor Scott & White Medical & Surgical Clinic - Las Colinas (Primary Care),400 W Lyndon B Johnson Fwy Ste 220,"400 W Lyndon B Johnson Fwy Suite 220, Irving, TX, 75063",(972) 817-1000,https://www.bswhealth.com/locations/medical-and-surgical-clinic-las-colinas-primary-care?utm_source=google-mybusiness&utm_medium=organic&utm_campaign=29985-9717432&utm_content=main-website,https://www.google.com/maps/place/Baylor+Scott+%26+White+Medical+%26+Surgical+Clinic+-+Las+Colinas+%28Primary+Care%29/data=!4m7!3m6!1s0x864c29c175af9cd3:0x8fe759e8934ce894!8m2!3d32.9100353!4d-96.9529086!16s%2Fg%2F11t18dgjgw!19sChIJ05yvdcEpTIYRlOhMk-hZ548?authuser=0&hl=en&rclk=1,
Baylor Scott & White Medical & Surgical Clinic - Irving (Primary Care I),2021 N MacArthur Blvd # 325,"2021 N MacArthur Blvd #325, Irving, TX, 75061",(972) 817-1000,https://www.bswhealth.com/locations/medical-and-surgical-clinic-irving?utm_source=google-mybusiness&utm_medium=organic&utm_campaign=29985-9717506&utm_content=main-website,https://www.google.com/maps/place/Baylor+Scott+%26+White+Medical+%26+Surgical+Clinic+-+Irving+%28Primary+Care+I%29/data=!4m7!3m6!1s0x864e83d4ecd5149b:0x21d49b05d110c2c6!8m2!3d32.8356108!4d-96.9622417!16s%2Fg%2F11vzgcwm4q!19sChIJmxTV7NSDToYRxsIQ0QWb1CE?authuser=0&hl=en&rclk=1,
Texas Primary & Pediatric Care,7429 Las Colinas Blvd Ste 101,"7429 Las Colinas Blvd Suite 101, Irving, TX, 75063",(469) 442-0202,https://www.tppcare.com/,https://www.google.com/maps/place/Texas+Primary+%26+Pediatric+Care/data=!4m7!3m6!1s0x864c295f788a4bf5:0x8aa6f87e98f5b383!8m2!3d32.9089268!4d-96.9544223!16s%2Fg%2F11fnyphrq8!19sChIJ9UuKeF8pTIYRg7P1mH74poo?authuser=0&hl=en&rclk=1,
Wellmed at Irving,6161 State Hwy 161 Suite 200,"6161 State Hwy 161 Suite 200, Irving, TX, 75038",(972) 258-7499,https://doctors.wellmedhealthcare.com/locations/details/115565?utm_source=google&utm_medium=organic&utm_campaign=local-listings,https://www.google.com/maps/place/Wellmed+at+Irving/data=!4m7!3m6!1s0x864e828afd577961:0xb6b32f69c68ef5e5!8m2!3d32.8916803!4d-96.9807309!16s%2Fg%2F1wn3424s!19sChIJYXlX_YqCToYR5fWOxmkvs7Y?authuser=0&hl=en&rclk=1,
Baylor Scott & White Community Clinic - Irving,2021 N MacArthur Blvd #210,"2021 N MacArthur Blvd #210, Irving, TX, 75061",(469) 800-1000,https://www.bswhealth.com/locations/community-clinic-irving?utm_source=google-mybusiness&utm_medium=organic&utm_campaign=29985-9717613&utm_content=main-website,https://www.google.com/maps/place/Baylor+Scott+%26+White+Community+Clinic+-+Irving/data=!4m7!3m6!1s0x864e83fc1cb99ef7:0x99aabbe1d16d7b8e!8m2!3d32.8351044!4d-96.9620556!16s%2Fg%2F11jfjx31fy!19sChIJ9565HPyDToYRjntt0eG7qpk?authuser=0&hl=en&rclk=1,
Baylor Scott & White Internal Medicine Associates - Irving,2005 W Park Dr Ste 300,"2005 W Park Dr Suite 300, Irving, TX, 75061",(469) 800-1050,https://www.bswhealth.com/locations/internal-medicine-associates-irving?utm_source=google-mybusiness&utm_medium=organic&utm_campaign=29985-9717612&utm_content=main-website,https://www.google.com/maps/place/Baylor+Scott+%26+White+Internal+Medicine+Associates+-+Irving/data=!4m7!3m6!1s0x864e830130ccb509:0xbbb4894d49f915a1!8m2!3d32.835305!4d-96.9632661!16s%2Fg%2F1tgj96yv!19sChIJCbXMMAGDToYRoRX5SU2JtLs?authuser=0&hl=en&rclk=1,
WellMed at Irving South,3501 N MacArthur Blvd #350a,"3501 N MacArthur Blvd #350A, Irving, TX, 75062",(972) 607-2340,https://doctors.wellmedhealthcare.com/locations/details/116401?utm_source=google&utm_medium=organic&utm_campaign=local-listings,https://www.google.com/maps/place/WellMed+at+Irving+South/data=!4m7!3m6!1s0x864e83d1c5c8f02d:0xb039e48fd6f5803f!8m2!3d32.8524223!4d-96.9599487!16s%2Fg%2F11gj0v0l6_!19sChIJLfDIxdGDToYRP4D11o_kObA?authuser=0&hl=en&rclk=1,
Huang Alfred C MD,117 N MacArthur Blvd,"117 N MacArthur Blvd, Irving, TX, 75061",(972) 254-4477,https://www.irvingfamilycare.com/,https://www.google.com/maps/place/Huang+Alfred+C+MD/data=!4m7!3m6!1s0x864e8374e93ae621:0xdb7a4ff22e002b6c!8m2!3d32.8163861!4d-96.9602716!16s%2Fg%2F1td2v9kn!19sChIJIeY66XSDToYRbCsALvJPets?authuser=0&hl=en&rclk=1,
"Shalin Parikh, MD",3601 Regent Blvd Suite 165,"3601 Regent Blvd Suite 165, Irving, TX, 75063",(469) 262-5762,https://healthonemedicine.com/,"https://www.google.com/maps/place/Shalin+Parikh,+MD/data=!4m7!3m6!1s0x864c29f5a4679501:0x1064c6848b9fb51a!8m2!3d32.921046!4d-96.9962739!16s%2Fg%2F11h5wb7krf!19sChIJAZVnpPUpTIYRGrWfi4TGZBA?authuser=0&hl=en&rclk=1",
"Clinica Tu Salud: Jaxel Lopez, MD",245 E Grauwyler Rd #122,"245 E Grauwyler Rd #122, Irving, TX, 75061",(972) 846-6128,http://www.clinicatusalud.com/,"https://www.google.com/maps/place/Clinica+Tu+Salud:+Jaxel+Lopez,+MD/data=!4m7!3m6!1s0x864e831818a2d877:0xd65b836803f8a29c!8m2!3d32.8304346!4d-96.9433114!16s%2Fg%2F11f3n5xx5z!19sChIJd9iiGBiDToYRnKL4A2iDW9Y?authuser=0&hl=en&rclk=1",
AymanCare Valley Ranch | Primary Care Clinic,10009 N MacArthur Blvd Suit 109,"10009 N MacArthur Blvd Suite 109, Irving, TX, 75063",(469) 913-7043,https://www.aymancare.com/valley-ranch?y_source=1_NDAxMjA0MTAtNzE1LWxvY2F0aW9uLndlYnNpdGU%3D,https://www.google.com/maps/place/AymanCare+Valley+Ranch+%7C+Primary+Care+Clinic/data=!4m7!3m6!1s0x864c290c6061c197:0xc8319fe51d549e84!8m2!3d32.9416489!4d-96.9528289!16s%2Fg%2F11lm4xcy_2!19sChIJl8FhYAwpTIYRhJ5UHeWfMcg?authuser=0&hl=en&rclk=1,
WellHealth Las Colinas,5260 N O'Connor Blvd Suite 170,"5260 N O'Connor Blvd Suite 170, Irving, TX, 75039",(281) 862-3764,https://www.wellhealth.studio/,https://www.google.com/maps/place/WellHealth+Las+Colinas/data=!4m7!3m6!1s0x864e8394827d9e81:0x6d045b1afcd922a3!8m2!3d32.8697883!4d-96.9372551!16s%2Fg%2F11jg63cz6d!19sChIJgZ59gpSDToYRoyLZ_BpbBG0?authuser=0&hl=en&rclk=1,
Baylor Scott & White Medical & Surgical Clinic - Irving (Primary Care II),2021 N MacArthur Blvd #350,"2021 N MacArthur Blvd #350, Irving, TX, 75061",(972) 817-1000,https://www.bswhealth.com/locations/medical-and-surgical-clinic-irving?utm_source=google-mybusiness&utm_medium=organic&utm_campaign=29985-9717507&utm_content=main-website,https://www.google.com/maps/place/Baylor+Scott+%26+White+Medical+%26+Surgical+Clinic+-+Irving+%28Primary+Care+II%29/data=!4m7!3m6!1s0x864e8325850c0f91:0x8f457a2e7ecfee1!8m2!3d32.8353918!4d-96.9621149!16s%2Fg%2F11vx7b4snn!19sChIJkQ8MhSWDToYR4f7s56JX9Ag?authuser=0&hl=en&rclk=1,
USMD MacArthur Clinic,,,(972) 373-0303,https://www.usmd.com/locations-nav/locations/tx/usmd-macarthur-clinic-6750-n-macarthur-blvd-ste-150-irving-tx-75039/DMC46403947.html,https://www.google.com/maps/place/USMD+MacArthur+Clinic/data=!4m7!3m6!1s0x864c29d162d0326b:0xffc4eb9f2095d24d!8m2!3d32.9012704!4d-96.957053!16s%2Fg%2F11q7fjpsdw!19sChIJazLQYtEpTIYRTdKVIJ_rxP8?authuser=0&hl=en&rclk=1,
Jacob Pediatrics and Family Medicine,2308 W Grauwyler Rd,"2308 W Grauwyler Rd, Irving, TX, 75061",(972) 790-8300,http://jacobpediatrics.com/,https://www.google.com/maps/place/Jacob+Pediatrics+and+Family+Medicine/data=!4m7!3m6!1s0x864e83b1a3f65d15:0x8d122bebd1f92d1d!8m2!3d32.828705!4d-96.9755633!16s%2Fg%2F1pp2tz76q!19sChIJFV32o7GDToYRHS350esrEo0?authuser=0&hl=en&rclk=1,
Imaging Centers,,,,,,
Envision Imaging of Las Colinas,925 W Royal Ln #100,"925 W Royal Ln #100, Irving, TX, 75039",(214) 483-6200,https://www.envrad.com/location/envision-imaging-of-las-colinas/,https://www.google.com/maps/place/Envision+Imaging+of+Las+Colinas/data=!4m7!3m6!1s0x864c282d652e5a9f:0xe249023aea7a99b3!8m2!3d32.8969215!4d-96.9614586!16s%2Fg%2F1hhh25742!19sChIJn1ouZS0oTIYRs5l66joCSeI?authuser=0&hl=en&rclk=1,
Touchstone Imaging South Irving,2005 W Park Dr Ste 110,"2005 W Park Dr Suite 110, Irving, TX, 75061",(469) 299-8549,https://www.touchstoneimaging.com/locations/south-irving/,https://www.google.com/maps/place/Touchstone+Imaging+South+Irving/data=!4m7!3m6!1s0x864e836f77b4e861:0x8496a8506dfa265b!8m2!3d32.835305!4d-96.9632661!16s%2Fg%2F11g_qq5p6n!19sChIJYei0d2-DToYRWyb6bVColoQ?authuser=0&hl=en&rclk=1,
Touchstone Imaging Las Colinas,"440 W Lyndon B Johnson Fwy, Plaza 2 Ste 110","440 W Lyndon B Johnson Fwy Plaza 2 Suite 110, Irving, TX, 75063",(214) 647-6161,https://www.touchstoneimaging.com/locations/irving-las-colinas/,https://www.google.com/maps/place/Touchstone+Imaging+Las+Colinas/data=!4m7!3m6!1s0x864c2846370190ab:0xf15da33d470b040f!8m2!3d32.9116744!4d-96.9521996!16s%2Fg%2F11hbgsb6qv!19sChIJq5ABN0YoTIYRDwQLRz2jXfE?authuser=0&hl=en&rclk=1,
ViaScan - Full Body Scan,349 E Las Colinas Blvd Suite C,"349 E Las Colinas Blvd Suite C, Irving, TX, 75039",(972) 739-2840,http://www.123bodyscan.com/,https://www.google.com/maps/place/ViaScan+-+Full+Body+Scan/data=!4m7!3m6!1s0x864e82b8b23bcb35:0x3e25166a0702ed80!8m2!3d32.8658542!4d-96.9371047!16s%2Fg%2F1th246fc!19sChIJNcs7sriCToYRgO0CB2oWJT4?authuser=0&hl=en&rclk=1,
Preferred Imaging,660 Lyndon B Johnson Fwy,"660 Lyndon B Johnson Fwy, Irving, TX, 75063",(972) 833-6120,https://akumin.com/locations/texas-dallas-fort-worth/irving/,https://www.google.com/maps/place/Preferred+Imaging/data=!4m7!3m6!1s0x864c29078b6382ff:0x257a4fd1c2150c93!8m2!3d32.91344!4d-96.9558669!16s%2Fg%2F11n2gkg9r8!19sChIJ_4JjiwcpTIYRkwwVwtFPeiU?authuser=0&hl=en&rclk=1,
Visionary Wellness & Imaging,3575 Story Rd W Suite 130,"3575 Story Rd W Suite 130, Irving, TX, 75038",(214) 458-0999,http://visionarywellnessimaging.com/?utm_source=google&utm_medium=organic&utm_campaign=googlemybusiness,https://www.google.com/maps/place/Visionary+Wellness+%26+Imaging/data=!4m7!3m6!1s0x864e835b095a11af:0x2a1a4203e209958b!8m2!3d32.8717865!4d-96.9946062!16s%2Fg%2F11jsz94bxb!19sChIJrxFaCVuDToYRi5UJ4gNCGio?authuser=0&hl=en&rclk=1,
Baylor Scott & White Women's Imaging Center - Irving (MacArthur & Hwy 183),2001 N MacArthur Blvd Ste 250,"2001 N MacArthur Blvd Suite 250, Irving, TX, 75061",(972) 990-4270,https://www.bswhealth.com/locations/irving-hospital/mammogram-and-breast-imaging?utm_source=google-mybusiness&utm_medium=organic&utm_campaign=29985-9717845&utm_content=main-website,https://www.google.com/maps/place/Baylor+Scott+%26+White+Women%27s+Imaging+Center+-+Irving+%28MacArthur+%26+Hwy+183%29/data=!4m7!3m6!1s0x864e83012fb35f51:0xba5e68ccb6d53078!8m2!3d32.8351328!4d-96.9606494!16s%2Fg%2F1vyn485w!19sChIJUV-zLwGDToYReDDVtsxoXro?authuser=0&hl=en&rclk=1,
Akumin,660 W Lyndon B Johnson Fwy,"660 W Lyndon B Johnson Fwy, Irving, TX, 75063",(972) 833-6120,https://akumin.com/?utm_source=Google&utm_medium=Yext&y_source=1_MTgzMzIzODMtNzE1LWxvY2F0aW9uLndlYnNpdGU%3D,https://www.google.com/maps/place/Akumin/data=!4m7!3m6!1s0x864c28492a6e4c83:0x582372691ca5b5e2!8m2!3d32.9134386!4d-96.9558476!16s%2Fg%2F11dyq_xvtd!19sChIJg0xuKkkoTIYR4rWlHGlyI1g?authuser=0&hl=en&rclk=1,
Prenuvo Dallas- Cancer & Disease Screening,6121 State Hwy 161 Suite 205,"6121 State Hwy 161 Suite 205, Irving, TX, 75038",(833) 773-6886,https://www.prenuvo.com/,https://www.google.com/maps/place/Prenuvo+Dallas-+Cancer+%26+Disease+Screening/data=!4m7!3m6!1s0x864c29a5d8211ef9:0xb1938ac7c5659d00!8m2!3d32.8911678!4d-96.9816458!16s%2Fg%2F11rr7s92_t!19sChIJ-R4h2KUpTIYRAJ1lxceKk7E?authuser=0&hl=en&rclk=1,
VCA Metroplex Animal Hospital & Pet Lodge,700 W Airport Fwy,"700 W Airport Fwy, Irving, TX, 75062",(972) 438-7113,https://vcahospitals.com/metroplex?utm_source=maps&utm_medium=organic&utm_campaign=VCA_Metroplex_Animal_Hospital_&_Pet_Lodge,https://www.google.com/maps/place/VCA+Metroplex+Animal+Hospital+%26+Pet+Lodge/data=!4m7!3m6!1s0x864e83034fd3420d:0x82c7d0d2a7f21c3c!8m2!3d32.836228!4d-96.953625!16s%2Fg%2F1thzp9gt!19sChIJDULTTwODToYRPBzyp9LQx4I?authuser=0&hl=en&rclk=1,
"Solis Mammography, a department of Medical City Las Colinas",6750 N MacArthur Blvd Ste 153,"6750 N MacArthur Blvd Suite 153, Irving, TX, 75039",(469) 677-3174,https://www.solismammo.com/dfw/medical-city-las-colinas,"https://www.google.com/maps/place/Solis+Mammography,+a+department+of+Medical+City+Las+Colinas/data=!4m7!3m6!1s0x864c28316a173c27:0xc3a44c60fc977736!8m2!3d32.9019061!4d-96.956842!16s%2Fg%2F11b6qhf4dj!19sChIJJzwXajEoTIYRNneX_GBMpMM?authuser=0&hl=en&rclk=1",
Baylor Scott & White Medical Center - Irving,1901 N MacArthur Blvd,"1901 N MacArthur Blvd, Irving, TX, 75061",(972) 990-8100,https://www.bswhealth.com/locations/irving-hospital,https://www.google.com/maps/place/Baylor+Scott+%26+White+Medical+Center+-+Irving/data=!4m7!3m6!1s0x864e8301297838c7:0x8c6d0e41c3617fc7!8m2!3d32.834711!4d-96.960209!16s%2Fg%2F1tf9tb9w!19sChIJxzh4KQGDToYRx39hw0EObYw?authuser=0&hl=en&rclk=1,
Medical City Las Colinas,6800 N MacArthur Blvd,"6800 N MacArthur Blvd, Irving, TX, 75039",(972) 969-2000,https://www.medicalcityhealthcare.com/locations/medical-city-las-colinas-hospital?utm__campaign=corp_listings_mgmt&utm_source=google&utm_medium=business_listing,https://www.google.com/maps/place/Medical+City+Las+Colinas/data=!4m7!3m6!1s0x864c2836cad636a9:0xb76cc9f886ad54ef!8m2!3d32.9022165!4d-96.9572148!16s%2Fm%2F04g3c9t!19sChIJqTbWyjYoTIYR71SthvjJbLc?authuser=0&hl=en&rclk=1,
Baylor Scott & White Women's Imaging Center - Las Colinas (MacArthur & I-635),"Plaza II, 440 W Lyndon B Johnson Fwy Ste 120A","440 W Lyndon B Johnson Fwy Suite 120A, Irving, TX, 75063",(972) 990-5650,https://www.bswhealth.com/locations/irving-hospital/mammogram-and-breast-imaging?utm_source=google-mybusiness&utm_medium=organic&utm_campaign=29985-9717800&utm_content=main-website,https://www.google.com/maps/place/Baylor+Scott+%26+White+Women%27s+Imaging+Center+-+Las+Colinas+%28MacArthur+%26+I-635%29/data=!4m7!3m6!1s0x864c284665d95c91:0x66228dfb3ff9f975!8m2!3d32.9116289!4d-96.9520264!16s%2Fg%2F1vljgq_0!19sChIJkVzZZUYoTIYRdfn5P_uNImY?authuser=0&hl=en&rclk=1,
4Baby Newborn Photography & 3D/4D Ultrasound,4835 N O'Connor Rd Suite 132,"4835 N O'Connor Rd Suite 132, Irving, TX, 75039",(214) 987-3604,https://4babyultrasound.com/?utm_source=google&utm_medium=organic&utm_campaign=gmb,https://www.google.com/maps/place/4Baby+Newborn+Photography+%26+3D%2F4D+Ultrasound/data=!4m7!3m6!1s0x864e8357988df4ad:0x46c199dd782baf2b!8m2!3d32.8658646!4d-96.9492261!16s%2Fg%2F11h6dkgmgw!19sChIJrfSNmFeDToYRK68reN2ZwUY?authuser=0&hl=en&rclk=1,
Animal Imaging,500 Paddock Way,"500 Paddock Way, Irving, TX, 75039",(972) 869-2180,https://animalimaging.net/,https://www.google.com/maps/place/Animal+Imaging/data=!4m7!3m6!1s0x864c281c05da3bb1:0x981ee8c532ed590b!8m2!3d32.8921826!4d-96.935787!16s%2Fg%2F1tmqm5m7!19sChIJsTvaBRwoTIYRC1ntMsXoHpg?authuser=0&hl=en&rclk=1,
Tuscan Imaging Center,701 Tuscan Dr,"701 Tuscan Dr, Irving, TX, 75039",,,https://www.google.com/maps/place/Tuscan+Imaging+Center/data=!4m7!3m6!1s0x864c283197c4c4e1:0xc439f3b00b8871ee!8m2!3d32.898747!4d-96.957195!16s%2Fg%2F11b7g3sl0n!19sChIJ4cTElzEoTIYR7nGIC7DzOcQ?authuser=0&hl=en&rclk=1,
PET / CT of Las Colinas,7415 Las Colinas Blvd #110,"7415 Las Colinas Blvd #110, Irving, TX, 75063",(214) 379-2790,,https://www.google.com/maps/place/PET+%2F+CT+of+Las+Colinas/data=!4m7!3m6!1s0x864c2848212b5cd9:0x7af06729b3a31d8f!8m2!3d32.9081121!4d-96.9546974!16s%2Fg%2F1tfbnqz0!19sChIJ2VwrIUgoTIYRjx2jsyln8Ho?authuser=0&hl=en&rclk=1,
Irving-Coppell Women's Image,440 I-635 #120A,"440 I-635 #120A, Irving, TX, 75063",(972) 785-5650,http://baylorhealth.com/,https://www.google.com/maps/place/Irving-Coppell+Women%27s+Image/data=!4m7!3m6!1s0x864c299155555555:0xdb4560b8e67d1540!8m2!3d32.9124748!4d-96.9513444!16s%2Fg%2F11cn0r_1nx!19sChIJVVVVVZEpTIYRQBV95rhgRds?authuser=0&hl=en&rclk=1,
VIP Imaging Solutions Llc,3137 Esters Rd,"3137 Esters Rd, Irving, TX, 75061",(214) 441-9877,,https://www.google.com/maps/place/VIP+Imaging+Solutions+Llc/data=!4m7!3m6!1s0x864e8188717301bb:0x55d62d5270142a6d!8m2!3d32.849502!4d-97.008593!16s%2Fg%2F1263pcxh1!19sChIJuwFzcYiBToYRbSoUcFIt1lU?authuser=0&hl=en&rclk=1,
Dermatologists,,,,,,
Dallas Associated Dermatologists,6750 N MacArthur Blvd #260,"6750 N MacArthur Blvd #260, Irving, TX, 75039",(214) 987-3376,https://dallasassocderm.com/?utm_source=gbp&utm_medium=organic&utm_campaign=website_link,https://www.google.com/maps/place/Dallas+Associated+Dermatologists/data=!4m7!3m6!1s0x864c28316b9459eb:0xf99201f573b00abf!8m2!3d32.9011702!4d-96.9571902!16s%2Fg%2F1wv_smd1!19sChIJ61mUazEoTIYRvwqwc_UBkvk?authuser=0&hl=en&rclk=1,
"Blackburn Woolfolk Dermatology, PLLC",4520 N MacArthur Blvd Suite 100,"4520 N MacArthur Blvd Suite 100, Irving, TX, 75038",(214) 630-5256,https://www.bwderm.com/,"https://www.google.com/maps/place/Blackburn+Woolfolk+Dermatology,+PLLC/data=!4m7!3m6!1s0x864e9c1a12a66735:0xe03842fd41ca3353!8m2!3d32.8676284!4d-96.9588868!16s%2Fg%2F1hc1wk9zw!19sChIJNWemEhqcToYRUzPKQf1COOA?authuser=0&hl=en&rclk=1",
Dr Ellen Turner,4301 N MacArthur Blvd,"4301 N MacArthur Blvd, Irving, TX, 75038",(214) 373-7546,https://www.dermofficedallas.com/,https://www.google.com/maps/place/Dr+Ellen+Turner/data=!4m7!3m6!1s0x864e828bc9ae6f4b:0xcc856338a710c6d2!8m2!3d32.8673176!4d-96.9606108!16s%2Fg%2F11dx9h8qn2!19sChIJS2-uyYuCToYR0sYQpzhjhcw?authuser=0&hl=en&rclk=1,
Advanced Dermasurgery Associates,7445 Las Colinas Blvd,"7445 Las Colinas Blvd, Irving, TX, 75063",(972) 726-6647,https://drposten.com/?utm_source=gbp&utm_medium=organic&utm_campaign=website_link,https://www.google.com/maps/place/Advanced+Dermasurgery+Associates/data=!4m7!3m6!1s0x864c28482ee59fef:0xc2051385150a72e6!8m2!3d32.9085599!4d-96.9553387!16s%2Fg%2F11f4zkb6zn!19sChIJ75_lLkgoTIYR5nIKFYUTBcI?authuser=0&hl=en&rclk=1,
Las Colinas Dermatology,440 W Lyndon B Johnson Fwy Suite 365,"440 W Lyndon B Johnson Fwy Suite 365, Irving, TX, 75063",(972) 432-0300,http://www.dralisonblack.com/,https://www.google.com/maps/place/Las+Colinas+Dermatology/data=!4m7!3m6!1s0x864c2848a6c2ddaf:0xf08c87c73a7730e4!8m2!3d32.911635!4d-96.9520072!16s%2Fg%2F1tfctmh0!19sChIJr93CpkgoTIYR5DB3OseHjPA?authuser=0&hl=en&rclk=1,
Dr. Carolyn Kim MD - Pure Dermatology Center,2005 W Park Dr Ste 120,"2005 W Park Dr Suite 120, Irving, TX, 75061",(972) 827-1130,https://www.puredermatologycenter.com/,https://www.google.com/maps/place/Dr.+Carolyn+Kim+MD+-+Pure+Dermatology+Center/data=!4m7!3m6!1s0x864e8300cc3f5089:0x2b56874ff650567d!8m2!3d32.8352317!4d-96.9632034!16s%2Fg%2F11cp09ffj4!19sChIJiVA_zACDToYRfVZQ9k-HVis?authuser=0&hl=en&rclk=1,
Dallas Center for Dermatology and Aesthetics,8201 Preston Rd #350,"8201 Preston Rd #350, Dallas, TX, 75225",(214) 631-7546,https://www.dallascosmeticderm.com/?utm_source=google&utm_medium=local&utm_campaign=dallas-practice-website,https://www.google.com/maps/place/Dallas+Center+for+Dermatology+and+Aesthetics/data=!4m7!3m6!1s0x864c3cc489ff765f:0x703b40d0355c3bc3!8m2!3d32.862701!4d-96.8048371!16s%2Fg%2F1tg5vg3j!19sChIJX3b_icQ8TIYRwztcNdBAO3A?authuser=0&hl=en&rclk=1,
Dermatology Treatment and Research Center,5310 Harvest Hill Rd #138,"5310 Harvest Hill Rd #138, Dallas, TX, 75230",(972) 661-2729,https://www.dallasdermcenter.com/,https://www.google.com/maps/place/Dermatology+Treatment+and+Research+Center/data=!4m7!3m6!1s0x864c21ce40d1892d:0x777d7ed0eddeb7b1!8m2!3d32.9211269!4d-96.8171805!16s%2Fg%2F11h2k4wxr6!19sChIJLYnRQM4hTIYRsbfe7dB-fXc?authuser=0&hl=en&rclk=1,
Epiphany Dermatology,413 W Bethel Rd #100,"413 W Bethel Rd #100, Coppell, TX, 75019",(469) 312-7302,https://www.epiphanydermatology.com/location/coppell-tx/,https://www.google.com/maps/place/Epiphany+Dermatology/data=!4m7!3m6!1s0x864c294e5042cfbd:0xf168908250ae5aee!8m2!3d32.9544017!4d-97.0042877!16s%2Fg%2F1tdc10v_!19sChIJvc9CUE4pTIYR7lquUIKQaPE?authuser=0&hl=en&rclk=1,
Prism Dermatology | Las Colinas,6161 State Hwy 161 3rd Floor #304,"6161 State Hwy 161 3rd Floor #304, Irving, TX, 75038",(817) 329-1350,,https://www.google.com/maps/place/Prism+Dermatology+%7C+Las+Colinas/data=!4m7!3m6!1s0x864c290f7d217a6b:0x441b6982f4dbdba2!8m2!3d32.8916803!4d-96.9807309!16s%2Fg%2F11j2cnsfbv!19sChIJa3ohfQ8pTIYRotvb9IJpG0Q?authuser=0&hl=en&rclk=1,
Dermatology Office of Dr. Ellen Turner,4420 W Lovers Ln,"4420 W Lovers Ln, Dallas, TX, 75209",(214) 373-7546,https://www.dermofficedallas.com/?utm_source=Google%20My%20Business,https://www.google.com/maps/place/Dermatology+Office+of+Dr.+Ellen+Turner/data=!4m7!3m6!1s0x864e9e437f6395df:0x7a4cf2bae64c16fc!8m2!3d32.85088!4d-96.834074!16s%2Fg%2F1tfq9mzt!19sChIJ35Vjf0OeToYR_BZM5rryTHo?authuser=0&hl=en&rclk=1,
Star Dermatology,783 N Denton Tap Rd Suite 150,"783 N Denton Tap Rd Suite 150, Coppell, TX, 75019",(469) 289-2660,http://www.starderm.com/,https://www.google.com/maps/place/Star+Dermatology/data=!4m7!3m6!1s0x864c2f1de5408613:0x3d6cc5ad4fe48ded!8m2!3d32.989717!4d-96.9938678!16s%2Fg%2F11vd6tzlrn!19sChIJE4ZA5R0vTIYR7Y3kT63FbD0?authuser=0&hl=en&rclk=1,
"Mindful Dermatology, PLLC",9101 N Central Expy #160,"9101 N Central Expy #160, Dallas, TX, 75231",(214) 265-1818,http://www.mindfuldermdallas.com/,"https://www.google.com/maps/place/Mindful+Dermatology,+PLLC/data=!4m7!3m6!1s0x864e9fbff9be6b1b:0x93025eca1e838e42!8m2!3d32.8724225!4d-96.7711283!16s%2Fg%2F1tdjrkbs!19sChIJG2u--b-fToYRQo6DHspeApM?authuser=0&hl=en&rclk=1",
Raymond Garcia MD,2005 W Park Dr #120,"2005 W Park Dr #120, Irving, TX, 75061",(972) 827-1130,http://www.puredermatologycenter.com/,https://www.google.com/maps/place/Raymond+Garcia+MD/data=!4m7!3m6!1s0x864e830135ca994b:0x5c0b5059aba29404!8m2!3d32.8351954!4d-96.9620881!16s%2Fg%2F1tjfh7mm!19sChIJS5nKNQGDToYRBJSiq1lQC1w?authuser=0&hl=en&rclk=1,
"Christopher W Carr, MD",6750 N MacArthur Blvd #260,"6750 N MacArthur Blvd #260, Irving, TX, 75039",(214) 987-3376,http://dallasassocderm.com/,"https://www.google.com/maps/place/Christopher+W+Carr,+MD/data=!4m7!3m6!1s0x864c28316bcd618f:0x31b614cda8d19d39!8m2!3d32.9009056!4d-96.9574096!16s%2Fg%2F11b6sv1hkg!19sChIJj2HNazEoTIYROZ3RqM0UtjE?authuser=0&hl=en&rclk=1",
Dallas Associated Dermatologists,7300 Eldorado Pkwy Suite 100,"7300 Eldorado Pkwy Suite 100, McKinney, TX, 75070",(214) 987-3376,https://dallasassocderm.com/?utm_source=gbp&utm_medium=organic&utm_campaign=website_link,https://www.google.com/maps/place/Dallas+Associated+Dermatologists/data=!4m7!3m6!1s0x864c165028264e1f:0xb34fc302019a946c!8m2!3d33.1752541!4d-96.7136871!16s%2Fg%2F11fzbk2wrh!19sChIJH04mKFAWTIYRbJSaAQLDT7M?authuser=0&hl=en&rclk=1,
"Dr. Mary E. Fleischli, MD",6750 N MacArthur Blvd,"6750 N MacArthur Blvd, Irving, TX, 75039",(214) 987-3376,,"https://www.google.com/maps/place/Dr.+Mary+E.+Fleischli,+MD/data=!4m7!3m6!1s0x864c28316b9459eb:0xfedb4a87d41e86fe!8m2!3d32.9015513!4d-96.9568643!16s%2Fg%2F1vm7bw14!19sChIJ61mUazEoTIYR_oYe1IdK2_4?authuser=0&hl=en&rclk=1",
"Dr. Robert Terrill, Dermatologist",8600 Gaylord Pkwy Suite 1,"8600 Gaylord Pkwy Suite 1, Frisco, TX, 75034",(214) 730-6662,http://www.sonomaskinworks.com/?utm_source=gmb_auth,"https://www.google.com/maps/place/Dr.+Robert+Terrill,+Dermatologist/data=!4m7!3m6!1s0x864c2268d1edce9b:0x50b04c9a4832fefb!8m2!3d33.1050118!4d-96.8097439!16s%2Fg%2F1tgmwpnf!19sChIJm87t0WgiTIYR-_4ySJpMsFA?authuser=0&hl=en&rclk=1",
Dallas Associated Dermatologists,7000 Preston Rd Suite #500,"7000 Preston Rd Suite #500, Plano, TX, 75024",(214) 987-3376,https://dallasassocderm.com/?utm_source=gbp&utm_medium=organic&utm_campaign=website_link,https://www.google.com/maps/place/Dallas+Associated+Dermatologists/data=!4m7!3m6!1s0x864c232b1cd00f81:0xff1d3e52d8eee2c7!8m2!3d33.0714998!4d-96.794842!16s%2Fg%2F11g9mghq2r!19sChIJgQ_QHCsjTIYRx-Lu2FI-Hf8?authuser=0&hl=en&rclk=1,
Skin Technology,122 W John Carpenter Fwy #125,"122 W John Carpenter Fwy #125, Irving, TX, 75039",(972) 869-6900,http://www.sherryskin.com/,https://www.google.com/maps/place/Skin+Technology/data=!4m7!3m6!1s0x864e828afd577961:0x909fc324606df78c!8m2!3d32.8698954!4d-96.9459793!16s%2Fg%2F1tdgvt9j!19sChIJYXlX_YqCToYRjPdtYCTDn5A?authuser=0&hl=en&rclk=1,
"David R. Wright, M.D.",7445 Las Colinas Blvd,"7445 Las Colinas Blvd, Irving, TX, 75063",(972) 726-6647,http://drposten.com/,"https://www.google.com/maps/place/David+R.+Wright,+M.D./data=!4m7!3m6!1s0x864c21b4f889fb0f:0xac68dcabd1476012!8m2!3d32.9085528!4d-96.9553408!16s%2Fg%2F11g4bqf_33!19sChIJD_uJ-LQhTIYREmBH0avcaKw?authuser=0&hl=en&rclk=1",
"Dr. Laura L. Sears, MD",6750 N MacArthur Blvd #260,"6750 N MacArthur Blvd #260, Irving, TX, 75039",(214) 987-3376,,"https://www.google.com/maps/place/Dr.+Laura+L.+Sears,+MD/data=!4m7!3m6!1s0x864c28316b9459eb:0x8ffafeafcd1c7c42!8m2!3d32.9014175!4d-96.95751!16s%2Fg%2F1tfmnt02!19sChIJ61mUazEoTIYRQnwcza_--o8?authuser=0&hl=en&rclk=1",
Affinity Dermatology,13136 Dallas Pkwy Suite 520,"13136 Dallas Pkwy Suite 520, Dallas, TX, 75240",(469) 480-8100,http://www.affinitydermatology.com/,https://www.google.com/maps/place/Affinity+Dermatology/data=!4m7!3m6!1s0x864c398777c433d5:0xff567a5cf428b2cb!8m2!3d33.1873815!4d-96.8376117!16s%2Fg%2F11mtc_8dhs!19sChIJ1TPEd4c5TIYRy7Io9Fx6Vv8?authuser=0&hl=en&rclk=1,
Legacy Dermatology Center - Prosper,821 N Coleman St #100,"821 N Coleman St #100, Prosper, TX, 75078",(972) 469-2626,https://legacydermatology.com/,https://www.google.com/maps/place/Legacy+Dermatology+Center+-+Prosper/data=!4m7!3m6!1s0x864c3f72638d2e75:0xc57816f9bd2ea3cf!8m2!3d33.243511!4d-96.80265!16s%2Fg%2F11sqz6gkgv!19sChIJdS6NY3I_TIYRz6MuvfkWeMU?authuser=0&hl=en&rclk=1,
Medical City Las Colinas,6800 N MacArthur Blvd,"6800 N MacArthur Blvd, Irving, TX, 75039",(972) 969-2000,https://www.medicalcityhealthcare.com/locations/medical-city-las-colinas-hospital?utm__campaign=corp_listings_mgmt&utm_source=google&utm_medium=business_listing,https://www.google.com/maps/place/Medical+City+Las+Colinas/data=!4m7!3m6!1s0x864c2836cad636a9:0xb76cc9f886ad54ef!8m2!3d32.9022165!4d-96.9572148!16s%2Fm%2F04g3c9t!19sChIJqTbWyjYoTIYR71SthvjJbLc?authuser=0&hl=en&rclk=1,
"Michael Kelly-Sell, MD",7445 Las Colinas Blvd,"7445 Las Colinas Blvd, Irving, TX, 75063",(972) 726-6647,http://drposten.com/,"https://www.google.com/maps/place/Michael+Kelly-Sell,+MD/data=!4m7!3m6!1s0x864c29cc77bdece5:0xa7a844963858320f!8m2!3d32.9085599!4d-96.9553387!16s%2Fg%2F11flx9n0cw!19sChIJ5ey9d8wpTIYRDzJYOJZEqKc?authuser=0&hl=en&rclk=1",
"William Abramovits, MD, FAAD.",2110 Research Row Suite 310,"2110 Research Row Suite 310, Dallas, TX, 75235",(972) 483-9200,https://barederm.com/,"https://www.google.com/maps/place/William+Abramovits,+MD,+FAAD./data=!4m7!3m6!1s0x864c20c163b305a7:0xe64f8941da1ab5!8m2!3d32.8400636!4d-96.8675706!16s%2Fg%2F1tdk0z_9!19sChIJpwWzY8EgTIYRtRraQYlP5gA?authuser=0&hl=en&rclk=1",
Dermatology Center: Cook-Norris Robert MD,2021 N MacArthur Blvd #300,"2021 N MacArthur Blvd #300, Irving, TX, 75061",(972) 254-3118,,https://www.google.com/maps/place/Dermatology+Center:+Cook-Norris+Robert+MD/data=!4m7!3m6!1s0x864e8374be47aa1b:0xbb0b346bb0e83071!8m2!3d32.8361364!4d-96.9544925!16s%2Fg%2F1vc6dtp2!19sChIJG6pHvnSDToYRcTDosGs0C7s?authuser=0&hl=en&rclk=1,
"Dr. Camille L. Mason, MD",·,,(972) 254-3118,,"https://www.google.com/maps/place/Dr.+Camille+L.+Mason,+MD/data=!4m7!3m6!1s0x864e830130ccb509:0xd502cd74a0a9ad13!8m2!3d32.8350339!4d-96.9620817!16s%2Fg%2F1td05ggl!19sChIJCbXMMAGDToYRE62poHTNAtU?authuser=0&hl=en&rclk=1",
Lab Tests,,,,,,
Any Lab Test Now,,,(972) 887-5023,https://www.anylabtestnow.com/irving-75062/,https://www.google.com/maps/place/Any+Lab+Test+Now/data=!4m7!3m6!1s0x864e823307f42d87:0x93fc18936d25b344!8m2!3d32.8411152!4d-96.9921387!16s%2Fg%2F11c5841yl2!19sChIJhy30BzOCToYRRLMlbZMY_JM?authuser=0&hl=en&rclk=1,
Quest Diagnostics,"3501 N MacArthur Blvd Ste 420, Bldg 4","3501 N MacArthur Blvd Suite 420 Building 4, Irving, TX, 75062",(972) 258-0601,https://locations.questdiagnostics.com/tx/irving/3501-n-macarthur-blvd,https://www.google.com/maps/place/Quest+Diagnostics/data=!4m7!3m6!1s0x864e82f74f92262b:0xf672f3b1eedc11d2!8m2!3d32.8525721!4d-96.9599366!16s%2Fg%2F1tdk5lb8!19sChIJKyaST_eCToYR0hHc7rHzcvY?authuser=0&hl=en&rclk=1,
Kroger,515 S MacArthur Blvd,"515 S MacArthur Blvd, Irving, TX, 75060",(972) 259-8023,https://www.kroger.com/stores/grocery/tx/irving/south-irving/035/00495?cid=loc_03500495_gmb,https://www.google.com/maps/place/Kroger/data=!4m7!3m6!1s0x864e83770398acc7:0x7261114e898e2!8m2!3d32.8095055!4d-96.9610021!16s%2Fg%2F1tknkvwl!19sChIJx6yYA3eDToYR4pjoFBEmBwA?authuser=0&hl=en&rclk=1,
Walgreens,1050 W Shady Grove Rd,"1050 W Shady Grove Rd, Irving, TX, 75060",(972) 254-0305,https://www.walgreens.com/locator/walgreens-1050+w+shady+grove+rd-irving-tx-75060/id=4054,https://www.google.com/maps/place/Walgreens/data=!4m7!3m6!1s0x864e837eac84b77b:0x6d4313869c20f186!8m2!3d32.8007616!4d-96.958628!16s%2Fg%2F113k5hdqh!19sChIJe7eErH6DToYRhvEgnIYTQ20?authuser=0&hl=en&rclk=1,
CVS,1333 S Story Rd,"1333 S Story Rd, Irving, TX, 75060",(972) 986-8588,https://www.cvs.com/store-locator/irving-tx-pharmacies/1333-s-storey-rd-irving-tx-75060/storeid=7741?WT.mc_id=LS_GOOGLE_FS_7741,https://www.google.com/maps/place/CVS/data=!4m7!3m6!1s0x864e83f55fb0a915:0x90ea41380a29aafb!8m2!3d32.8008151!4d-96.9777021!16s%2Fg%2F1tc_4hpl!19sChIJFamwX_WDToYR-6opCjhB6pA?authuser=0&hl=en&rclk=1,
Labcorp at Walgreens,3400 N Belt Line Rd,"3400 N Belt Line Rd, Irving, TX, 75062",(972) 645-9550,https://locations.labcorp.com/tx/irving/37046/,https://www.google.com/maps/place/Labcorp+at+Walgreens/data=!4m7!3m6!1s0x864e83051fb8aa3f:0x2dfd0434d3a8779!8m2!3d32.8514567!4d-96.9914752!16s%2Fg%2F11p15jxwft!19sChIJP6q4HwWDToYReYc6TUPQ3wI?authuser=0&hl=en&rclk=1,
Z Diagnostics - Irving,825 W Royal Ln #230,"825 W Royal Ln #230, Irving, TX, 75039",(214) 647-1317,http://www.zdiagnostics.org/,https://www.google.com/maps/place/Z+Diagnostics+-+Irving/data=!4m7!3m6!1s0x864c28327ac09c75:0x6c36b3017b325d21!8m2!3d32.8971735!4d-96.9605982!16s%2Fg%2F11nnk0ntgd!19sChIJdZzAejIoTIYRIV0yewGzNmw?authuser=0&hl=en&rclk=1,
AutoZone Auto Parts,,,(972) 513-0173,https://www.autozone.com/locations/tx/irving/2314-w-shady-grove-rd.html?cmpid=LOC:US:EN:AD:NL:1000000:GEN:6248,https://www.google.com/maps/place/AutoZone+Auto+Parts/data=!4m7!3m6!1s0x864e8388c5f5f8db:0x8ed8830631c83eaa!8m2!3d32.7993554!4d-96.9765624!16s%2Fg%2F11bbrkc2wc!19sChIJ2_j1xYiDToYRqj7IMQaD2I4?authuser=0&hl=en&rclk=1,
CVS Pharmacy y más,2222 N Story Rd,"2222 N Story Rd, Irving, TX, 75062",(972) 255-4155,https://www.cvs.com/store-locator/irving-tx-pharmacies/2222-n-story-rd-irving-tx-75062/storeid=6803?WT.mc_id=LS_GOOGLE_RX_6803,https://www.google.com/maps/place/CVS+Pharmacy+y+m%C3%A1s/data=!4m7!3m6!1s0x864e83b2bfcfe9af:0x43c332312c5e6ede!8m2!3d32.8382592!4d-96.975821!16s%2Fg%2F11c4694j54!19sChIJr-nPv7KDToYR3m5eLDEyw0M?authuser=0&hl=en&rclk=1,
Labtek STD Testing Centre,·,,(469) 649-8482,,https://www.google.com/maps/place/Labtek+STD+Testing+Centre/data=!4m7!3m6!1s0x864e8324554ab91f:0x23b8f67e18155125!8m2!3d32.8523296!4d-96.9599759!16s%2Fg%2F11h9bs9qfj!19sChIJH7lKVSSDToYRJVEVGH72uCM?authuser=0&hl=en&rclk=1,
MacArthur OB/GYN Sonography,3501 N MacArthur Blvd #600,"3501 N MacArthur Blvd #600, Irving, TX, 75062",(972) 256-3700,https://macarthurmc.com/,https://www.google.com/maps/place/MacArthur+OB%2FGYN+Sonography/data=!4m7!3m6!1s0x864e82f74f92262b:0x5636fa76db3a57d1!8m2!3d32.852949!4d-96.9609248!16s%2Fg%2F11df6c9583!19sChIJKyaST_eCToYR0Vc623b6NlY?authuser=0&hl=en&rclk=1,
Albertsons,2200 W Shady Grove Rd,"2200 W Shady Grove Rd, Irving, TX, 75060",(972) 374-5110,https://local.albertsons.com/tx/irving/2200-w-shady-grove-rd.html,https://www.google.com/maps/place/Albertsons/data=!4m7!3m6!1s0x864e83aa1cbe8441:0x47c687e59120be57!8m2!3d32.8000811!4d-96.974881!16s%2Fg%2F11shkmg1m2!19sChIJQYS-HKqDToYRV74gkeWHxkc?authuser=0&hl=en&rclk=1,
Clinical Pathology Laboratories (CPL) - Las Colinas,6121 State Hwy 161 #101,"6121 State Highway 161 #101, Irving, TX 75038",(972) 546-2442,https://www.cpllabs.com/,https://www.google.com/maps/place/Clinical+Pathology+Laboratories+%28CPL%29+-+Las+Colinas/data=!4m7!3m6!1s0x864c29483be673ef:0xbbf80ccfc00e053b!8m2!3d32.8911678!4d-96.9816458!16s%2Fg%2F11hfp83_kc!19sChIJ73PmO0gpTIYROwUOwM8M-Ls?authuser=0&hl=en&rclk=1,
MD Family Clinic,1111 S Irving Heights Dr,"1111 S Irving Heights Dr, Irving, TX 75060",(972) 579-7979,https://mdmedicalgroup.us/location/irving-heights/,https://www.google.com/maps/place/MD+Family+Clinic/data=!4m7!3m6!1s0x864e83542404ce6d:0xf17059b2fba9bb70!8m2!3d32.8014677!4d-96.9259865!16s%2Fg%2F1tdg_q1p!19sChIJbc4EJFSDToYRcLup-7JZcPE?authuser=0&hl=en&rclk=1,
7-Eleven,100 E Shady Grove Rd,"100 E Shady Grove Rd, Irving, TX 75060",(972) 253-9522,https://www.7-eleven.com/locations/tx/irving/100-east-shady-grove-19091,https://www.google.com/maps/place/7-Eleven/data=!4m7!3m6!1s0x864e836145868941:0xf59a6f09e2c1f38e!8m2!3d32.8008334!4d-96.9465159!16s%2Fg%2F1tj89v8r!19sChIJQYmGRWGDToYRjvPB4glvmvU?authuser=0&hl=en&rclk=1,
ARCpoint Labs of Irving,8925 Sterling St #255,"8925 Sterling St #255, Irving, TX 75063",(469) 209-7400,https://www.arcpointlabs.com/irving/?utm_source=GMrB&utm_medium=organic&utm_campaign=irving,https://www.google.com/maps/place/ARCpoint+Labs+of+Irving/data=!4m7!3m6!1s0x864c2bcd7f6982e3:0xebeb9e502c7edc64!8m2!3d32.9296572!4d-97.0176819!16s%2Fg%2F11gz_4pqs!19sChIJ44Jpf80rTIYRZNx-LFCe6-s?authuser=0&hl=en&rclk=1,
Labcorp,7501 Las Colinas Blvd Ste 100,"7501 Las Colinas Blvd Suite 100, Irving, TX 75063",(972) 444-0272,https://locations.labcorp.com/tx/irving/22545/,https://www.google.com/maps/place/Labcorp/data=!4m7!3m6!1s0x864c28484953e0dd:0xfe6c687160b4c2b4!8m2!3d32.9097834!4d-96.9555275!16s%2Fg%2F1ptz79krx!19sChIJ3eBTSUgoTIYRtMK0YHFobP4?authuser=0&hl=en&rclk=1,
CareNow Urgent Care - Irving,2675 N Belt Line Rd,"2675 N Belt Line Rd, Irving, TX 75062",(469) 299-5445,https://www.carenow.com/locations/dallas-fort-worth/irving?utm__campaign=corp_listings_mgmt&utm_source=google&utm_medium=business_listing,https://www.google.com/maps/place/CareNow+Urgent+Care+-+Irving/data=!4m7!3m6!1s0x864e8353eb809e65:0x8b6cdfce9755c5bc!8m2!3d32.843021!4d-96.9928481!16s%2Fg%2F11p9vy0jjp!19sChIJZZ6A61ODToYRvMVVl87fbIs?authuser=0&hl=en&rclk=1,
Baylor Scott & White Medical Center - Irving,1901 N MacArthur Blvd,"1901 N MacArthur Blvd, Irving, TX 75061",(972) 990-8100,https://www.bswhealth.com/locations/irving-hospital,https://www.google.com/maps/place/Baylor+Scott+%26+White+Medical+Center+-+Irving/data=!4m7!3m6!1s0x864e8301297838c7:0x8c6d0e41c3617fc7!8m2!3d32.834711!4d-96.960209!16s%2Fg%2F1tf9tb9w!19sChIJxzh4KQGDToYRx39hw0EObYw?authuser=0&hl=en&rclk=1,
MedExpress Urgent Care,3413 N Belt Line Rd,"3413 N Belt Line Rd, Irving, TX 75062",(972) 252-9809,https://www.medexpress.com/location/tx/irving/irx/?utm_campaign=MX_Brand_2021&utm_medium=NPS&utm_source=YEXT&utm_term=2021yi2jl3az19,https://www.google.com/maps/place/MedExpress+Urgent+Care/data=!4m7!3m6!1s0x864e83ff2ee41959:0x5ad41342d22e955e!8m2!3d32.8521708!4d-96.9928897!16s%2Fg%2F11fd4rhkwc!19sChIJWRnkLv-DToYRXpUu0kIT1Fo?authuser=0&hl=en&rclk=1,
7-Eleven,1600 TX-356,"1600 TX-356, Irving, TX 75060",(214) 236-1396,https://www.7-eleven.com/locations/tx/irving/1600-hwy-356-irving-heigh-25758,https://www.google.com/maps/place/7-Eleven/data=!4m7!3m6!1s0x864e834df566f979:0xdc6be31e982c7a2b!8m2!3d32.8086367!4d-96.9251611!16s%2Fg%2F1w0h7x_r!19sChIJeflm9U2DToYRK3osmB7ja9w?authuser=0&hl=en&rclk=1,
Rapid City Urgent Care,800 W Airport Fwy Suite 100,"800 W Airport Fwy Suite 100, Irving, TX 75062",(214) 308-1106,https://www.rapidcitycare.com/,https://www.google.com/maps/place/Rapid+City+Urgent+Care/data=!4m7!3m6!1s0x864e8329182e67f3:0x6532815db5bfb32e!8m2!3d32.8364488!4d-96.9541469!16s%2Fg%2F11r981nxls!19sChIJ82cuGCmDToYRLrO_tV2BMmU?authuser=0&hl=en&rclk=1,
CVS,2222 N Story Rd,"2222 N Story Rd, Irving, TX 75062",(972) 255-4155,https://www.cvs.com/store-locator/irving-tx-pharmacies/2222-n-story-rd-irving-tx-75062/storeid=6803?WT.mc_id=LS_GOOGLE_FS_6803,https://www.google.com/maps/place/CVS/data=!4m7!3m6!1s0x864e83b2c1bc50d1:0xb3100223b9c33d73!8m2!3d32.8382592!4d-96.975821!16s%2Fg%2F1tnl1tf3!19sChIJ0VC8wbKDToYRcz3DuSMCELM?authuser=0&hl=en&rclk=1,
ViaScan - Full Body Scan,349 E Las Colinas Blvd Suite C,"349 E Las Colinas Blvd Suite C, Irving, TX 75039",(972) 739-2840,http://www.123bodyscan.com/,https://www.google.com/maps/place/ViaScan+-+Full+Body+Scan/data=!4m7!3m6!1s0x864e82b8b23bcb35:0x3e25166a0702ed80!8m2!3d32.8658542!4d-96.9371047!16s%2Fg%2F1th246fc!19sChIJNcs7sriCToYRgO0CB2oWJT4?authuser=0&hl=en&rclk=1,
MI Clinica Familiar,1111 W Airport Fwy Suite # 225,"1111 W Airport Fwy Suite #225, Irving, TX 75062",(214) 441-9644,http://www.miclinicafamiliar.com/,https://www.google.com/maps/place/MI+Clinica+Familiar/data=!4m7!3m6!1s0x864e83004dc149eb:0xaf25a6a85df270cc!8m2!3d32.8384006!4d-96.9601347!16s%2Fg%2F1yh9sqnxk!19sChIJ60nBTQCDToYRzHDyXaimJa8?authuser=0&hl=en&rclk=1,
Stanton Optical,3401 W Airport Fwy #122,"3401 W Airport Fwy #122, Irving, TX 75062",(469) 807-3970,https://www.stantonoptical.com/locations/irving-tx/?utm_source=google&utm_medium=organic&utm_campaign=Irving-TX-Local,https://www.google.com/maps/place/Stanton+Optical/data=!4m7!3m6!1s0x864e8395e05d530f:0x1f09c1315fd83b7d!8m2!3d32.8394355!4d-96.9917638!16s%2Fg%2F11hzlzq35v!19sChIJD1Nd4JWDToYRfTvYXzHBCR8?authuser=0&hl=en&rclk=1,
i3 Diagnostics,·,,(469) 565-8187,,https://www.google.com/maps/place/i3+Diagnostics/data=!4m7!3m6!1s0x864c2bb56064acf7:0xc018a0828138afd6!8m2!3d32.9230983!4d-97.0132463!16s%2Fg%2F11rdqc__b0!19sChIJ96xkYLUrTIYR1q84gYKgGMA?authuser=0&hl=en&rclk=1,
Fastest Labs of Irving,1625 W Mockingbird Ln suite 303,"1625 W Mockingbird Ln Suite 303, Irving, TX 75060",(214) 833-9916,https://www.fastestlabs.com/irving/,https://www.google.com/maps/place/Fastest+Labs+of+Irving/data=!4m7!3m6!1s0x864e9d71bd8a52f5:0x13fe2917b3fe1761!8m2!3d32.8225801!4d-96.8568691!16s%2Fg%2F11l6815xm0!19sChIJ9VKKvXGdToYRYRf-sxcp_hM?authuser=0&hl=en&rclk=1,
Any Lab Test Now,,,(817) 354-8378,https://www.anylabtestnow.com/euless-76039/,https://www.google.com/maps/place/Any+Lab+Test+Now/data=!4m7!3m6!1s0x864e806e088948e7:0x7fe4da979659a1c5!8m2!3d32.8500688!4d-97.0819972!16s%2Fg%2F1thp8d5y!19sChIJ50iJCG6AToYRxaFZlpfa5H8?authuser=0&hl=en&rclk=1,
Clinicas Mi Doctor,506 S Nursery Rd Ste 101,"506 S Nursery Rd Suite 101, Irving, TX 75060",(972) 573-3288,https://mdmedicalgroup.us/location/irving/,https://www.google.com/maps/place/Clinicas+Mi+Doctor/data=!4m7!3m6!1s0x864e8345213b074f:0xf64b16a019dbe01b!8m2!3d32.8094038!4d-96.9339086!16s%2Fg%2F1tgxjgcb!19sChIJTwc7IUWDToYRG-DbGaAWS_Y?authuser=0&hl=en&rclk=1,
Albertsons Pharmacy,2200 W Shady Grove Rd,"2200 W Shady Grove Rd, Irving, TX 75060",(972) 374-5100,https://local.pharmacy.albertsons.com/tx/irving/2200-w-shady-grove-rd.html,https://www.google.com/maps/place/Albertsons+Pharmacy/data=!4m7!3m6!1s0x864e83ab780bcb43:0x650dcb5c15c1d8ea!8m2!3d32.7998998!4d-96.9747669!16s%2Fg%2F11sswxvjb1!19sChIJQ8sLeKuDToYR6tjBFVzLDWU?authuser=0&hl=en&rclk=1,
Concentra Urgent Care,,,(972) 554-8494,http://www.concentra.com/?utm_source=Yext&utm_medium=Organic&utm_campaign=Homepage%20Link,https://www.google.com/maps/place/Concentra+Urgent+Care/data=!4m7!3m6!1s0x864c282c42512ddd:0x700908b588c231d9!8m2!3d32.8922422!4d-96.9596645!16s%2Fg%2F1tf2sml2!19sChIJ3S1RQiwoTIYR2THCiLUICXA?authuser=0&hl=en&rclk=1,
Irving Health Center,1800 N Britain Rd,"1800 N Britain Rd, Irving, TX 75061",(214) 266-3000,http://www.parklandhospital.com/phhs/locations/irving-health-center-7.aspx,https://www.google.com/maps/place/Irving+Health+Center/data=!4m7!3m6!1s0x864e8322776ea3c3:0x5f3461f1793639b!8m2!3d32.8336277!4d-96.9432199!16s%2Fg%2F11b6gf2dbt!19sChIJw6NudyKDToYRm2OTFx9G8wU?authuser=0&hl=en&rclk=1,
Any Lab Test Now - Dallas,5219A W Lovers Ln,"5219A W Lovers Ln, Irving, TX 75062",(214) 956-8378,https://www.anylabtestnow.com/dallas-75209/,https://www.google.com/maps/place/Any+Lab+Test+Now+-+Dallas/data=!4m7!3m6!1s0x864e9e631be4407b:0x487b601060a5e1f1!8m2!3d32.8514349!4d-96.8220132!16s%2Fg%2F1tf7sk3x!19sChIJe0DkG2OeToYR8eGlYBBge0g?authuser=0&hl=en&rclk=1,
Rcts Inc,3207 Esters Rd,"3207 Esters Rd, Irving, TX 75062",(972) 871-7578,http://www.rctslabs.com/,https://www.google.com/maps/place/Rcts+Inc/data=!4m7!3m6!1s0x864e81886b5752b5:0xe2c47739b7971b98!8m2!3d32.8504998!4d-97.0085412!16s%2Fg%2F1tx1tlpn!19sChIJtVJXa4iBToYRmBuXtzl3xOI?authuser=0&hl=en&rclk=1,
Physical Therapists,,,,,,
CareNow Urgent Care - Irving,2675 N Belt Line Rd,"2675 N Belt Line Rd, Irving, TX 75062",(469) 299-5445,https://www.carenow.com/locations/dallas-fort-worth/irving?utm__campaign=corp_listings_mgmt&utm_source=google&utm_medium=business_listing,https://www.google.com/maps/place/CareNow+Urgent+Care+-+Irving/data=!4m7!3m6!1s0x864e8353eb809e65:0x8b6cdfce9755c5bc!8m2!3d32.843021!4d-96.9928481!16s%2Fg%2F11p9vy0jjp!19sChIJZZ6A61ODToYRvMVVl87fbIs?authuser=0&hl=en&rclk=1,
Baylor Scott & White Medical Center - Irving,1901 N MacArthur Blvd,"1901 N MacArthur Blvd, Irving, TX 75061",(972) 990-8100,https://www.bswhealth.com/locations/irving-hospital,https://www.google.com/maps/place/Baylor+Scott+%26+White+Medical+Center+-+Irving/data=!4m7!3m6!1s0x864e8301297838c7:0x8c6d0e41c3617fc7!8m2!3d32.834711!4d-96.960209!16s%2Fg%2F1tf9tb9w!19sChIJxzh4KQGDToYRx39hw0EObYw?authuser=0&hl=en&rclk=1,
Guadalupe Rehab & Pain,2600 W Irving Blvd,"2600 W Irving Blvd, Irving, TX 75061",(972) 313-8484,,https://www.google.com/maps/place/Guadalupe+Rehab+%26+Pain/data=!4m7!3m6!1s0x864e83b0b39c5c89:0xb2b938c5c835a6ab!8m2!3d32.8291527!4d-96.9799095!16s%2Fg%2F1tf_httb!19sChIJiVycs7CDToYRq6Y1yMU4ubI?authuser=0&hl=en&rclk=1,
Irving Massage Therapy,3636 N MacArthur Blvd,"3636 N MacArthur Blvd, Irving, TX 75062",(972) 256-3565,http://www.irvingmassage.com/,https://www.google.com/maps/place/Irving+Massage+Therapy/data=!4m7!3m6!1s0x864e8230d916d6eb:0xd4ad28127c8c61b8!8m2!3d32.8526269!4d-96.9578969!16s%2Fg%2F1tdz5755!19sChIJ69YW2TCCToYRuGGMfBIordQ?authuser=0&hl=en&rclk=1,
Villages on MacArthur,3443 N MacArthur Blvd,"3443 N MacArthur Blvd, Irving, TX 75062",(469) 586-4424,https://villagesonmacarthur.com/,https://www.google.com/maps/place/Villages+on+MacArthur/data=!4m7!3m6!1s0x864e82f75084161f:0xa71430464395231e!8m2!3d32.8517633!4d-96.9607578!16s%2Fg%2F1ptxgy1rp!19sChIJHxaEUPeCToYRHiOVQ0YwFKc?authuser=0&hl=en&rclk=1,
Direct Orthopedic Care - Las Colinas,3014 N O'Connor Rd #200,"3014 N O'Connor Rd #200, Irving, TX 75062",(469) 648-2282,https://www.directorthocare.com/location/las-colinas/,https://www.google.com/maps/place/Direct+Orthopedic+Care+-+Las+Colinas/data=!4m7!3m6!1s0x864e82e4789fdf25:0xb43abccd3af3a9f2!8m2!3d32.8465902!4d-96.9498973!16s%2Fg%2F11c58wy5_s!19sChIJJd-feOSCToYR8qnzOs28OrQ?authuser=0&hl=en&rclk=1,
MyoCore - Irving,2021 N MacArthur Blvd #530,"2021 N MacArthur Blvd #530, Irving, TX 75061",(945) 356-2950,https://www.myocore.com/,https://www.google.com/maps/place/MyoCore+-+Irving/data=!4m7!3m6!1s0x864e838de94236b1:0x7a672bb8d7dcb43c!8m2!3d32.8355247!4d-96.9618191!16s%2Fg%2F11kj3wmd35!19sChIJsTZC6Y2DToYRPLTc17grZ3o?authuser=0&hl=en&rclk=1,
Irving Therapy,,,(972) 821-3086,http://irvingtherapy.com/,https://www.google.com/maps/place/Irving+Therapy/data=!4m7!3m6!1s0x864c29d5fb2b8a9b:0x45a750ca60e6b72b!8m2!3d32.8855837!4d-96.9687503!16s%2Fg%2F11ckfq014w!19sChIJm4or-9UpTIYRK7fmYMpQp0U?authuser=0&hl=en&rclk=1,
Avante Rehabilitation Center,225 N Sowers Rd,"225 N Sowers Rd, Irving, TX 75061",(972) 253-4173,http://www.avanterc.com/,https://www.google.com/maps/place/Avante+Rehabilitation+Center/data=!4m7!3m6!1s0x864e837280a79813:0x9de31be79e8a71e2!8m2!3d32.8156288!4d-96.9534405!16s%2Fg%2F1tg6kz7p!19sChIJE5ingHKDToYR4nGKnucb450?authuser=0&hl=en&rclk=1,
"Cynthia A. Brinker, PT",1901 N MacArthur Blvd,"1901 N MacArthur Blvd, Irving, TX 75061",(972) 579-8155,,"https://www.google.com/maps/place/Cynthia+A.+Brinker,+PT/data=!4m7!3m6!1s0x864e8301297f521d:0x35b4239e35ce1a35!8m2!3d32.8346954!4d-96.9603078!16s%2Fg%2F1tdx4jpq!19sChIJHVJ_KQGDToYRNRrONZ4jtDU?authuser=0&hl=en&rclk=1",
"Thrive Pain Management: Dr. Teddrick L. Dunson, MD",2021 N MacArthur Blvd #520,"2021 N MacArthur Blvd #520, Irving, TX 75061",(469) 772-5633,https://www.thrivepain.com/,"https://www.google.com/maps/place/Thrive+Pain+Management:+Dr.+Teddrick+L.+Dunson,+MD/data=!4m7!3m6!1s0x864e83843f15a221:0xe22860288d939d19!8m2!3d32.835034!4d-96.9620818!16s%2Fg%2F11gmbhq02c!19sChIJIaIVP4SDToYRGZ2TjShgKOI?authuser=0&hl=en&rclk=1",
Accident Centers of Texas,219 S O Connor Rd,"219 S O Connor Rd, Irving, TX 75060",(972) 908-9889,https://accidentcentersoftexas.com/,https://www.google.com/maps/place/Accident+Centers+of+Texas/data=!4m7!3m6!1s0x864e83306572635d:0x1a487de758bb3807!8m2!3d32.8120225!4d-96.9503529!16s%2Fg%2F11f651m8fx!19sChIJXWNyZTCDToYRBzi7WOd9SBo?authuser=0&hl=en&rclk=1,
Irving Injury Center,612 N Story Rd #107,"612 N Story Rd #107, Irving, TX 75061",(972) 514-6278,http://www.irvinginjurycenter.com/,https://www.google.com/maps/place/Irving+Injury+Center/data=!4m7!3m6!1s0x864e83bcbfecaf2b:0x142dcbe3f3d13ef7!8m2!3d32.821463!4d-96.9758241!16s%2Fg%2F11g8_fmv1m!19sChIJK6_sv7yDToYR9z7R8-PLLRQ?authuser=0&hl=en&rclk=1,
183 Pain And Injury,800 W Airport Fwy #501,"800 W Airport Fwy #501, Irving, TX 75062",(972) 812-2360,http://www.dfwpainandinjury.com/,https://www.google.com/maps/place/183+Pain+And+Injury/data=!4m7!3m6!1s0x864e8303682d5597:0xc63d616670a91441!8m2!3d32.8362045!4d-96.9546127!16s%2Fg%2F1q62dm8pp!19sChIJl1UtaAODToYRQRSpcGZhPcY?authuser=0&hl=en&rclk=1,
"Magnolia Chiropractic, P.A.",139 S Main St,"139 S Main St, Irving, TX 75060",(972) 554-1511,https://magnoliachiro.com/,"https://www.google.com/maps/place/Magnolia+Chiropractic,+P.A./data=!4m7!3m6!1s0x864e8308af7341c1:0x1213214f6ef7a54e!8m2!3d32.8129587!4d-96.9465476!16s%2Fg%2F1vpq793q!19sChIJwUFzrwiDToYRTqX3bk8hExI?authuser=0&hl=en&rclk=1",
"Superior Health & Wellness Center, LLC",611 N MacArthur Blvd #110,"611 N MacArthur Blvd #110, Irving, TX 75061",(972) 253-9355,,"https://www.google.com/maps/place/Superior+Health+%26+Wellness+Center,+LLC/data=!4m7!3m6!1s0x864e83a0b056dd7f:0x60e75aa2b1353f10!8m2!3d32.82051!4d-96.9598661!16s%2Fg%2F11c6_xbjjb!19sChIJf91WsKCDToYRED81saJa52A?authuser=0&hl=en&rclk=1",
Airrosti Las Colinas,7433 Las Colinas Blvd Ste 101,"7433 Las Colinas Blvd Suite 101, Irving, TX 75063",(972) 284-1119,https://www.airrosti.com/location/texas/irving-7433-las-colinas-blvd-alasc/,https://www.google.com/maps/place/Airrosti+Las+Colinas/data=!4m7!3m6!1s0x864c284aa479c0b7:0x6fe1184c44ad921d!8m2!3d32.9091292!4d-96.9546679!16s%2Fg%2F1q5bnpcq4!19sChIJt8B5pEooTIYRHZKtREwY4W8?authuser=0&hl=en&rclk=1,
"Rehab Without Walls - Home & Community Rehab - Irving, Texas",1333 Corporate Dr # 245,"1333 Corporate Dr #245, Irving, TX 75038",(214) 591-0061,https://www.rehabwithoutwalls.com/locations/dallas-fort-worth-texas-area/,"https://www.google.com/maps/place/Rehab+Without+Walls+-+Home+%26+Community+Rehab+-+Irving,+Texas/data=!4m7!3m6!1s0x864c29912be6733b:0xcbc45be2d2f729d3!8m2!3d32.8879678!4d-96.9705181!16s%2Fg%2F1tc_fnt7!19sChIJO3PmK5EpTIYR0yn30uJbxMs?authuser=0&hl=en&rclk=1",
Dallas Pelvic Health,114 E John W Carpenter Fwy Suite# 130,"114 E John W Carpenter Fwy Suite 130, Irving, TX 75062",(469) 476-0915,https://www.dallaspelvichealthllctx.com/,https://www.google.com/maps/place/Dallas+Pelvic+Health/data=!4m7!3m6!1s0x864c3ddddc8c88cd:0x7d2de72771314ac8!8m2!3d32.8658605!4d-96.9445288!16s%2Fg%2F11r9dt7qcj!19sChIJzYiM3N09TIYRyEoxcSfnLX0?authuser=0&hl=en&rclk=1,
DOC Physical Therapy,2700 N O'Connor Rd #138,"2700 N O'Connor Rd #138, Irving, TX 75062",(469) 648-2282,,https://www.google.com/maps/place/DOC+Physical+Therapy/data=!4m7!3m6!1s0x864e833fdf2482d7:0xda43a2aad0d457ed!8m2!3d32.8426945!4d-96.9503549!16s%2Fg%2F11smvj2279!19sChIJ14Ik3z-DToYR7VfU0KqiQ9o?authuser=0&hl=en&rclk=1,
Therapy 2000,,,(713) 783-8181,http://www.t2000.com/,https://www.google.com/maps/place/Therapy+2000/data=!4m7!3m6!1s0x8017f9753ef7bb19:0x29849c9bb812df10!8m2!3d30.5108631!4d-96.3400646!16s%2Fg%2F11v0xyjd9y!19sChIJGbv3PnX5F4AREN8SuJuchCk?authuser=0&hl=en&rclk=1,
Holistiq Spine & Orthopaedic Clinic,4441 W Airport Fwy Ste 215,"4441 W Airport Fwy Suite 215, Irving, TX 75062",(469) 444-7246,https://goholistiq.com/,https://www.google.com/maps/place/Holistiq+Spine+%26+Orthopaedic+Clinic/data=!4m7!3m6!1s0x864e817c0a1fa911:0x6f9490b286d6a825!8m2!3d32.838667!4d-97.0142098!16s%2Fg%2F11jygrfh_v!19sChIJEakfCnyBToYRJajWhrKQlG8?authuser=0&hl=en&rclk=1,
Classic Rehabilitation,504 N Carrier Pkwy,"504 N Carrier Pkwy, Irving, TX 75060",(972) 263-7042,http://www.classicrehabilitation.com/,https://www.google.com/maps/place/Classic+Rehabilitation/data=!4m7!3m6!1s0x864e867d397a579d:0xff1e7ac41cdf8de9!8m2!3d32.7458547!4d-97.0165448!16s%2Fg%2F1tf5l1cl!19sChIJnVd6OX2GToYR6Y3fHMR6Hv8?authuser=0&hl=en&rclk=1,
Las Colinas Counseling Center,1075 Kinwest Pkwy STE 107,"1075 Kinwest Pkwy Suite 107, Irving, TX 75063",(972) 910-8388,http://lascolinascounseling.com/,https://www.google.com/maps/place/Las+Colinas+Counseling+Center/data=!4m7!3m6!1s0x864c284ac07cfe73:0xf258a454cd7fb59d!8m2!3d32.9091099!4d-96.9626768!16s%2Fg%2F11b807w11l!19sChIJc_58wEooTIYRnbV_zVSkWPI?authuser=0&hl=en&rclk=1,
James Sears Massage (by appointment only),105 W 2nd St,"105 W 2nd St, Irving, TX 75060",(214) 907-5009,,https://www.google.com/maps/place/James+Sears+Massage+%28by+appointment+only%29/data=!4m7!3m6!1s0x864e83a0ce03e705:0xff83798f6f605216!8m2!3d32.8129529!4d-96.9467046!16s%2Fg%2F1q62dmh83!19sChIJBecDzqCDToYRFlJgb495g_8?authuser=0&hl=en&rclk=1,
Outpatient Therapy Clinic,1901 N MacArthur Blvd,"1901 N MacArthur Blvd, Irving, TX 75061",(972) 579-8155,,https://www.google.com/maps/place/Outpatient+Therapy+Clinic/data=!4m7!3m6!1s0x864e8301297f521d:0x1539b9ebe8e1c90b!8m2!3d32.8346954!4d-96.9603078!16s%2Fg%2F1vppsycx!19sChIJHVJ_KQGDToYRC8nh6Ou5ORU?authuser=0&hl=en&rclk=1,
"Anthony Hurt, PTA",2120 N MacArthur Blvd,"2120 N MacArthur Blvd, Irving, TX 75061",(972) 438-3800,,"https://www.google.com/maps/place/Anthony+Hurt,+PTA/data=!4m7!3m6!1s0x864e83015068ea17:0x71fff978a0fb41d9!8m2!3d32.835753!4d-96.9585761!16s%2Fg%2F1hc1zg_z1!19sChIJF-poUAGDToYR2UH7oHj5_3E?authuser=0&hl=en&rclk=1",
"Robert E. Bayless, M.D.",2120 N MacArthur Blvd,"2120 N MacArthur Blvd, Irving, TX 75061",(972) 438-4636,http://www.baylessortho.com/,"https://www.google.com/maps/place/Robert+E.+Bayless,+M.D./data=!4m7!3m6!1s0x864e83015068ea93:0xc6f05b6ce9bb3d65!8m2!3d32.8357346!4d-96.9585311!16s%2Fg%2F1vmr1spq!19sChIJk-poUAGDToYRZT276Wxb8MY?authuser=0&hl=en&rclk=1",
Texas Medical Institute,100 W Airport Fwy,"100 W Airport Fwy, Irving, TX 75062",(972) 777-5480,https://www.texasmedicalinstitute.com/,https://www.google.com/maps/place/Texas+Medical+Institute/data=!4m7!3m6!1s0x864e831f27ed1b6b:0x87d45bfda8020eb9!8m2!3d32.8364475!4d-96.9449035!16s%2Fg%2F11t0q106tm!19sChIJaxvtJx-DToYRuQ4CqP1b1Ic?authuser=0&hl=en&rclk=1,
Dr. Dean Family Chiropractic,3100 N O'Connor Rd #110,"3100 N O'Connor Rd #110, Irving, TX 75062",(469) 237-6116,https://www.drdeanfamilychiropractic.com/,https://www.google.com/maps/place/Dr.+Dean+Family+Chiropractic/data=!4m7!3m6!1s0x864e82e2f1e24745:0xdaf8d18879f63699!8m2!3d32.8470693!4d-96.9502286!16s%2Fg%2F1261wl72j!19sChIJRUfi8eKCToYRmTb2eYjR-No?authuser=0&hl=en&rclk=1,
AOA Orthopedic Specialists,2005 W Park Dr # 100,"2005 W Park Dr #100, Irving, TX 75061",(817) 375-5200,https://www.arlingtonortho.com/,https://www.google.com/maps/place/AOA+Orthopedic+Specialists/data=!4m7!3m6!1s0x864e83012fb2c247:0xd0677122b37177ac!8m2!3d32.835361!4d-96.963131!16s%2Fg%2F11b6vdvt08!19sChIJR8KyLwGDToYRrHdxsyJxZ9A?authuser=0&hl=en&rclk=1,
Texas Rehabilitation,1636 W Irving Blvd,"1636 W Irving Blvd, Irving, TX 75061",(972) 259-3079,,https://www.google.com/maps/place/Texas+Rehabilitation/data=!4m7!3m6!1s0x864e83a0e3291213:0x39c10b5ef85e96fc!8m2!3d32.8211796!4d-96.9670173!16s%2Fg%2F1tf6xrs8!19sChIJExIp46CDToYR_JZe-F4LwTk?authuser=0&hl=en&rclk=1,
Southwest Pain Management,220 O Connor Ridge Blvd # 105,"220 O Connor Ridge Blvd #105, Irving, TX 75038",(214) 305-8004,https://reliefbeginshere.com/,https://www.google.com/maps/place/Southwest+Pain+Management/data=!4m7!3m6!1s0x864c29ce84c4d51b:0x2cdb0b98eec4b6e4!8m2!3d32.866375!4d-96.9503469!16s%2Fg%2F11h2q584n5!19sChIJG9XEhM4pTIYR5LbE7pgL2yw?authuser=0&hl=en&rclk=1,
Ashford Hall Nursing and Rehabilitation,2021 Shoaf Dr,"2021 Shoaf Dr, Irving, TX 75061",(972) 579-1919,http://www.ashfordhall.com/,https://www.google.com/maps/place/Ashford+Hall+Nursing+and+Rehabilitation/data=!4m7!3m6!1s0x864e831bf6c5d5f3:0x2325682cc433a752!8m2!3d32.83503!4d-96.947921!16s%2Fg%2F1tf6s66_!19sChIJ89XF9huDToYRUqczxCxoJSM?authuser=0&hl=en&rclk=1,
Hill Chiropractic Center,220 W Irving Blvd,"220 W Irving Blvd, Irving, TX 75060",(972) 258-6647,http://www.irvingtxchiro.com/,https://www.google.com/maps/place/Hill+Chiropractic+Center/data=!4m7!3m6!1s0x864e82e47bde36e5:0x1494ac3c5498804a!8m2!3d32.8135822!4d-96.9481699!16s%2Fg%2F1tmy5g9l!19sChIJ5Tbee-SCToYRSoCYVDyslBQ?authuser=0&hl=en&rclk=1,